<Ui xsi:schemaLocation="http://www.blizzard.com/wow/ui/ ..\FrameXML\UI.xsd">
  <Script file="Libs\LibStub\LibStub.lua"/>
  <Include file="Libs\CallbackHandler-1.0\CallbackHandler-1.0.xml"/>
  <Include file="Libs\AceAddon-3.0\AceAddon-3.0.xml"/>
  <Include file="Libs\AceConsole-3.0\AceConsole-3.0.xml"/>
  <Include file="Libs\AceGUI-3.0\AceGUI-3.0.xml"/>
  <Include file="Libs\AceConfig-3.0\AceConfig-3.0.xml"/>
  <Include file="Libs\AceEvent-3.0\AceEvent-3.0.xml"/>
  <Include file="Libs\AceDB-3.0\AceDB-3.0.xml"/>
  <Include file="Libs\AceDBOptions-3.0\AceDBOptions-3.0.xml"/>
  <Include file="Libs\AceSerializer-3.0\AceSerializer-3.0.xml"/>
  <Script file="Libs\LibDeflate\LibDeflate.lua"/>
  <Script file="Libs\LibSharedMedia-3.0\LibSharedMedia-3.0.lua"/>
  <Include file="Libs\AceGUI-3.0-SharedMediaWidgets\widget.xml"/>
  <Script file="Libs\LibDDI-1.0\lib.lua"/>
  <Include file="Libs\AceGUI-3.0_SFX-Widgets\AceGUI-3.0_SFX-Widgets.xml"/>
  <Script file="Libs\LibCanDispel-1.0\LibCanDispel-1.0.lua"/>
  <Include file="Libs\LibCustomGlow-1.0\LibCustomGlow-1.0.xml"/>
</Ui>
