<Ui xmlns="http://www.blizzard.com/wow/ui/">
  <Script file="Modules\HealthBars.lua"/>
  <Script file="Modules\Fonts.lua"/>
  <Script file="Modules\RoleIcon.lua"/>
  <Script file="Modules\Raidmark.lua"/>
  <Script file="Modules\Range.lua"/>
  <Script file="Modules\AuraFilter.lua"/>
  <Script file="Modules\Buffs.lua"/>
  <Script file="Modules\Debuffs.lua"/>
  <Script file="Modules\Overabsorb.lua"/>
  <Script file="Modules\CustomScale.lua"/>
  <Script file="Modules\BleedDB.lua"/>
  <Script file="Modules\AuraHighlight.lua"/>
  <Script file="Modules\Solo.lua"/>
</Ui>
